{
  "id": "1454991",
  "name": "陕西大数据平台",
  "font_family": "iconfont",
  "css_prefix_text": "icon-",
  "description": "",
  "glyphs": [
    {
      "icon_id": "1883565",
      "name": "移动文件",
      "font_class": "yidongwenjian",
      "unicode": "e620",
      "unicode_decimal": 58912
    },
    {
      "icon_id": "2291469",
      "name": "上传",
      "font_class": "upload-copy-copy-copy",
      "unicode": "e600",
      "unicode_decimal": 58880
    },
    {
      "icon_id": "2493239",
      "name": "开始",
      "font_class": "kaishi",
      "unicode": "e6de",
      "unicode_decimal": 59102
    },
    {
      "icon_id": "2508641",
      "name": "评估",
      "font_class": "pinggu",
      "unicode": "e635",
      "unicode_decimal": 58933
    },
    {
      "icon_id": "2705634",
      "name": "HIVE",
      "font_class": "HIVE",
      "unicode": "e63b",
      "unicode_decimal": 58939
    },
    {
      "icon_id": "2828431",
      "name": "代码比较",
      "font_class": "daimabijiao",
      "unicode": "e60f",
      "unicode_decimal": 58895
    },
    {
      "icon_id": "2890449",
      "name": "设置 (4)",
      "font_class": "shezhi1",
      "unicode": "e603",
      "unicode_decimal": 58883
    },
    {
      "icon_id": "2978543",
      "name": "项目分区分段",
      "font_class": "xiangmufenqufenduan",
      "unicode": "e60c",
      "unicode_decimal": 58892
    },
    {
      "icon_id": "3031210",
      "name": "sql",
      "font_class": "sql",
      "unicode": "e727",
      "unicode_decimal": 59175
    },
    {
      "icon_id": "3160988",
      "name": "结束",
      "font_class": "jieshu",
      "unicode": "e755",
      "unicode_decimal": 59221
    },
    {
      "icon_id": "3167291",
      "name": "工作台",
      "font_class": "gongzuotai",
      "unicode": "e604",
      "unicode_decimal": 58884
    },
    {
      "icon_id": "3496446",
      "name": "箭头",
      "font_class": "jiantou-copy",
      "unicode": "e601",
      "unicode_decimal": 58881
    },
    {
      "icon_id": "3610050",
      "name": "条件",
      "font_class": "tiaojian",
      "unicode": "e656",
      "unicode_decimal": 58966
    },
    {
      "icon_id": "3909574",
      "name": "Oracle输入",
      "font_class": "Oracleshuru",
      "unicode": "e61b",
      "unicode_decimal": 58907
    },
    {
      "icon_id": "4101641",
      "name": "数据导入配置",
      "font_class": "shujudaorupeizhi",
      "unicode": "e662",
      "unicode_decimal": 58978
    },
    {
      "icon_id": "4101873",
      "name": "数据导出配置",
      "font_class": "shujudaochupeizhi",
      "unicode": "e664",
      "unicode_decimal": 58980
    },
    {
      "icon_id": "4122132",
      "name": "shell",
      "font_class": "shell",
      "unicode": "e61e",
      "unicode_decimal": 58910
    },
    {
      "icon_id": "4128405",
      "name": "热",
      "font_class": "re",
      "unicode": "e602",
      "unicode_decimal": 58882
    },
    {
      "icon_id": "4288072",
      "name": "ftp",
      "font_class": "ftp1",
      "unicode": "e607",
      "unicode_decimal": 58887
    },
    {
      "icon_id": "4528794",
      "name": "获取方案",
      "font_class": "huoqufangan",
      "unicode": "e733",
      "unicode_decimal": 59187
    },
    {
      "icon_id": "5251182",
      "name": "文件",
      "font_class": "wenjian",
      "unicode": "e636",
      "unicode_decimal": 58934
    },
    {
      "icon_id": "5376958",
      "name": "169比较",
      "font_class": "bijiao",
      "unicode": "e736",
      "unicode_decimal": 59190
    },
    {
      "icon_id": "5639855",
      "name": "上传",
      "font_class": "shangchuan",
      "unicode": "e66a",
      "unicode_decimal": 58986
    },
    {
      "icon_id": "5960497",
      "name": "数据加密",
      "font_class": "shujujiami",
      "unicode": "e720",
      "unicode_decimal": 59168
    },
    {
      "icon_id": "6057793",
      "name": "叉",
      "font_class": "fork",
      "unicode": "e619",
      "unicode_decimal": 58905
    },
    {
      "icon_id": "6082944",
      "name": "延时开关",
      "font_class": "yanshikaiguan",
      "unicode": "e6e6",
      "unicode_decimal": 59110
    },
    {
      "icon_id": "6171696",
      "name": "下拉",
      "font_class": "xiala",
      "unicode": "e628",
      "unicode_decimal": 58920
    },
    {
      "icon_id": "6210276",
      "name": "目录",
      "font_class": "mulu",
      "unicode": "e609",
      "unicode_decimal": 58889
    },
    {
      "icon_id": "6310632",
      "name": "汇总文件",
      "font_class": "huizongwenjian",
      "unicode": "e608",
      "unicode_decimal": 58888
    },
    {
      "icon_id": "6325647",
      "name": "创建",
      "font_class": "chuangjian",
      "unicode": "e637",
      "unicode_decimal": 58935
    },
    {
      "icon_id": "6398357",
      "name": "分区_删除",
      "font_class": "fenqu_shanchu",
      "unicode": "e65d",
      "unicode_decimal": 58973
    },
    {
      "icon_id": "6564058",
      "name": "目录",
      "font_class": "folder",
      "unicode": "e69b",
      "unicode_decimal": 59035
    },
    {
      "icon_id": "6589446",
      "name": "合并",
      "font_class": "hebing",
      "unicode": "e6c5",
      "unicode_decimal": 59077
    },
    {
      "icon_id": "6599387",
      "name": "重命名",
      "font_class": "zhongmingming",
      "unicode": "e649",
      "unicode_decimal": 58953
    },
    {
      "icon_id": "6899134",
      "name": "shell001",
      "font_class": "shell1",
      "unicode": "e6a9",
      "unicode_decimal": 59049
    },
    {
      "icon_id": "7150329",
      "name": "解压",
      "font_class": "jieya",
      "unicode": "e631",
      "unicode_decimal": 58929
    },
    {
      "icon_id": "7221050",
      "name": "SQLsvg",
      "font_class": "SQLsvg",
      "unicode": "e60e",
      "unicode_decimal": 58894
    },
    {
      "icon_id": "7634043",
      "name": "通用",
      "font_class": "tongyong",
      "unicode": "e66d",
      "unicode_decimal": 58989
    },
    {
      "icon_id": "7817011",
      "name": "服务调用",
      "font_class": "fuwutiaoyong",
      "unicode": "e669",
      "unicode_decimal": 58985
    },
    {
      "icon_id": "7889370",
      "name": "拷贝文件",
      "font_class": "kaobeiwenjian",
      "unicode": "e627",
      "unicode_decimal": 58919
    },
    {
      "icon_id": "7919045",
      "name": "文件管理",
      "font_class": "wenjianguanli",
      "unicode": "e666",
      "unicode_decimal": 58982
    },
    {
      "icon_id": "8044249",
      "name": "开始",
      "font_class": "kaishi1",
      "unicode": "e605",
      "unicode_decimal": 58885
    },
    {
      "icon_id": "8351282",
      "name": "文件",
      "font_class": "wenjian1",
      "unicode": "e652",
      "unicode_decimal": 58962
    },
    {
      "icon_id": "8357421",
      "name": "检查",
      "font_class": "jiancha",
      "unicode": "e60a",
      "unicode_decimal": 58890
    },
    {
      "icon_id": "8448914",
      "name": "分区",
      "font_class": "fenqu",
      "unicode": "e914",
      "unicode_decimal": 59668
    },
    {
      "icon_id": "8462135",
      "name": "上传文件",
      "font_class": "shangchuanwenjian",
      "unicode": "e60d",
      "unicode_decimal": 58893
    },
    {
      "icon_id": "8592265",
      "name": "文件传输",
      "font_class": "wenjianchuanshu",
      "unicode": "e655",
      "unicode_decimal": 58965
    },
    {
      "icon_id": "8839916",
      "name": "分区信息",
      "font_class": "fenquxinxi",
      "unicode": "e647",
      "unicode_decimal": 58951
    },
    {
      "icon_id": "9035124",
      "name": "oracle1",
      "font_class": "oracle",
      "unicode": "e735",
      "unicode_decimal": 59189
    },
    {
      "icon_id": "9150207",
      "name": "hive",
      "font_class": "hive",
      "unicode": "e610",
      "unicode_decimal": 58896
    },
    {
      "icon_id": "9284041",
      "name": "sql",
      "font_class": "sql1",
      "unicode": "e606",
      "unicode_decimal": 58886
    },
    {
      "icon_id": "9335796",
      "name": "删 除",
      "font_class": "shanchu",
      "unicode": "e60b",
      "unicode_decimal": 58891
    },
    {
      "icon_id": "9488559",
      "name": "数据集列表-新建数据集弹框-sql",
      "font_class": "sql2",
      "unicode": "e65c",
      "unicode_decimal": 58972
    },
    {
      "icon_id": "9512685",
      "name": "等待",
      "font_class": "wait",
      "unicode": "e640",
      "unicode_decimal": 58944
    },
    {
      "icon_id": "9687541",
      "name": "脚本",
      "font_class": "jiaoben",
      "unicode": "e6fd",
      "unicode_decimal": 59133
    },
    {
      "icon_id": "9934648",
      "name": "主机",
      "font_class": "zhuji",
      "unicode": "e7cf",
      "unicode_decimal": 59343
    },
    {
      "icon_id": "10105419",
      "name": "ftp",
      "font_class": "ftp",
      "unicode": "e63f",
      "unicode_decimal": 58943
    },
    {
      "icon_id": "10227776",
      "name": "数据导入",
      "font_class": "shujudaoru",
      "unicode": "e653",
      "unicode_decimal": 58963
    },
    {
      "icon_id": "10227801",
      "name": "数据导出-自定义",
      "font_class": "shujudaochu-zidingyi",
      "unicode": "e654",
      "unicode_decimal": 58964
    },
    {
      "icon_id": "10391786",
      "name": "轻应用工作台-页面目录icon-选中",
      "font_class": "qingyingyonggongzuotai-yemianmuluicon-xuanzhong",
      "unicode": "e611",
      "unicode_decimal": 58897
    },
    {
      "icon_id": "10425233",
      "name": "批准通过",
      "font_class": "tongguo",
      "unicode": "e648",
      "unicode_decimal": 58952
    },
    {
      "icon_id": "10701792",
      "name": "对比",
      "font_class": "duibi",
      "unicode": "e66b",
      "unicode_decimal": 58987
    },
    {
      "icon_id": "10880528",
      "name": "数据迁移",
      "font_class": "shujuqianyitubiao",
      "unicode": "e651",
      "unicode_decimal": 58961
    },
    {
      "icon_id": "11313636",
      "name": "菜单-展开",
      "font_class": "caidan-zhankai",
      "unicode": "e626",
      "unicode_decimal": 58918
    },
    {
      "icon_id": "11313668",
      "name": "菜单-收缩",
      "font_class": "caidan-shousuo",
      "unicode": "e629",
      "unicode_decimal": 58921
    }
  ]
}
