{
    "tablename": "tb_employee",
    "id": "EMPLOYEE1",
    "name": "employee",
    "displayname": "员工",
    "properties": [{
        "primarykey": "true",
        "name": "id",
        "columnname": "id",
        "type": "INT",
        "columntype": "INT",
        "length": 200,
        "describe": "这是自增序号",
        "nullable": "false",
        "foreignkey": "false",
        "foreignentityid": "",
        "associatealias": ""
    }, {
        "primarykey": "false",
        "name": "emlnumber",
        "columnname": "emlnumber",
        "type": "INT",
        "columntype": "INT",
        "length": 16,
        "describe": "员工编号",
        "nullable": "false",
        "foreignkey": "false",
        "foreignentityid": "",
        "associatealias": ""
    }, {
        "primarykey": "false",
        "name": "departid",
        "columnname": "departid",
        "type": "INT",
        "columntype": "INT",
        "length": 200,
        "describe": "部门编号",
        "nullable": "false",
        "foreignkey": "true",
        "foreignentityid": "DEPARTMENT1",
        "associatealias": "department"
    }, {
        "primarykey": "false",
        "name": "username",
        "columnname": "username",
        "type": "VARCHAR",
        "columntype": "VARCHAR",
        "length": 200,
        "describe": "员工姓名",
        "nullable": "false",
        "foreignkey": "false",
        "foreignentityid": "",
        "associatealias": ""
    }, {
        "primarykey": "false",
        "name": "e-mail",
        "columnname": "e-mail",
        "type": "VARCHAR",
        "columntype": "VARCHAR",
        "length": 200,
        "describe": "邮箱地址",
        "nullable": "true",
        "foreignkey": "false",
        "foreignentityid": "",
        "associatealias": ""
    }, {
        "primarykey": "false",
        "name": "gradeid",
        "columnname": "gradeid",
        "type": "VARCHAR",
        "columntype": "VARCHAR",
        "length": 200,
        "describe": "等级id",
        "nullable": "false",
        "foreignkey": "true",
        "foreignentityid": "GRADE1",
        "associatealias": "grade"
    }]
}
